source_id,ra,dec,parallax,parallax_error,pmra,pmra_error,pmdec,pmdec_error,radial_velocity,radial_velocity_error,rv_nb_transits,rv_chisq_pvalue,rv_renormalised_gof,phot_g_mean_mag,bp_rp,ruwe,distance_pc
4819185822757423744,78.57826927240941,-40.050899562917806,0.08260312268775366,0.55782235,1.5565665547078433,0.6694808,-0.5259273569773022,1.0766914,,,,,,20.339968,,0.97778106,12106.079860686128
4819197711230735488,78.52854844099097,-40.032077416968534,0.08260807368116312,0.025404572,1.8532505150586684,0.026112473,-0.7370081031053777,0.032244034,,,,,,14.932934,1.0782042,1.4774626,12105.354300593346
4819185788397863936,78.56847924492436,-40.05591896795849,0.08240480625744509,0.212558,2.2720352678275746,0.21169023,0.16342752343097575,0.32573423,,,,,,18.551174,0.8385086,2.061541,12135.21450285131
4819197814306359168,78.52499629534901,-40.02086360529806,0.08275319698034544,0.80230474,-0.5459897575875683,0.664746,2.2993137540453725,1.0962014,,,,,,19.622578,,1.1164616,12084.125284458896
4819198089183548032,78.47006844244882,-40.0436006914883,0.08272948282281922,0.7837732,0.8594191637773001,1.447926,2.3093185117100976,1.9720631,,,,,,20.168743,,0.99696815,12087.589162640947
4819197779945748864,78.50593026953611,-40.015226340554825,0.0828195223973903,0.4435482,2.4430948631789677,0.5735131,-1.4387882369582403,0.6357294,,,,,,20.138973,0.84015656,1.0598372,12074.447799900749
4819198535864218496,78.49034105598679,-40.00973100060656,0.08285995473631139,0.031720385,1.970211121300268,0.034115754,-0.47197932200665776,0.039339244,,,,,,16.030851,1.1347246,1.1517533,12068.555953021467
