source_id,ra,dec,parallax,parallax_error,pmra,pmra_error,pmdec,pmdec_error,radial_velocity,radial_velocity_error,rv_nb_transits,rv_chisq_pvalue,rv_renormalised_gof,phot_g_mean_mag,bp_rp,ruwe,distance_pc
6009550920974276352,236.49646945166765,-37.82122890242899,0.09630508359414658,0.3871928,-4.625291437621197,0.39910066,-4.537777995380263,0.27277866,,,,,,19.329926,1.1732807,0.88095635,10383.667846800769
6009558926804607488,236.59945439143425,-37.73001255266315,0.0961344080863428,0.1509465,2.435311213615488,0.16893475,-7.733164171323306,0.11776937,,,,,,18.1124,1.145649,0.96400887,10402.102846483991
6009558377052143872,236.50510025556272,-37.71957169375292,0.09608279103155257,0.06878956,-4.271391938193161,0.089657165,-4.5290344697262,0.049370915,,,,,,16.493269,1.3799334,0.9480261,10407.691005474753
6009551333290038912,236.38270651971968,-37.83305407412058,0.09620452623763398,0.22257756,-0.4815383718520803,0.19721627,-2.213380704354036,0.14776383,,,,,,18.348938,1.359724,1.0097569,10394.521329795945
6009557037019778048,236.50380231214854,-37.78641412533465,0.09609845782957785,0.088641174,-4.6323787871241375,0.0946361,-4.2411047197263585,0.064530194,,,,,,13.642795,1.7184887,4.5583034,10405.99425407442
6009556727781631872,236.5138405622194,-37.806956413140384,0.0963897150552885,0.021439293,-4.102632124291067,0.02258398,-4.474033116796736,0.016112778,,,,,,14.077989,1.6936874,1.089531,10374.550847322318
