source_id,ra,dec,parallax,parallax_error,pmra,pmra_error,pmdec,pmdec_error,radial_velocity,radial_velocity_error,rv_nb_transits,rv_chisq_pvalue,rv_renormalised_gof,phot_g_mean_mag,bp_rp,ruwe,distance_pc
3937271944166278272,198.28556420920012,18.20129985319932,0.05591847248227579,0.06624213,-0.17946745458662663,0.09006147,-1.261405718468937,0.08866192,,,,,,16.967503,0.18717384,0.9653521,17883.17805564101
3938022292132120960,198.20225617131558,18.19668844811488,0.056010894976650606,1.1469364,-3.678406735345106,1.6244669,-1.9197864303816978,1.3100067,,,,,,20.71296,0.6391411,1.0331562,17853.669369448075
3937271394411042176,198.23502223023286,18.157951565944,0.05570387766217724,0.024691917,-0.07260858846555115,0.03186755,-1.2408754629137682,0.0338547,,,,,,14.3970375,1.2674313,1.2369757,17952.071596606223
3938022085975401216,198.22424170585168,18.179280490081315,0.05599365376101338,0.40412042,4.986710534628301,1.2350641,0.12666753392798358,0.42302543,,,,,,19.224327,,1.0450178,17859.166759649263
3937271703648078848,198.25916365873192,18.15149395379482,0.05570851107253135,0.03914723,-0.2879996049332178,0.051106997,-1.2966992409787712,0.047826733,,,,,,15.977445,0.99516106,1.0016958,17950.57847979495
3938023597803140608,198.1977790910143,18.244577556132597,0.05579988443056774,0.026410485,-0.11551801049002983,0.0358156,-1.3555584566219552,0.032080572,,,,,,15.1124735,1.2141075,1.0130637,17921.184070628467
3939526076145330688,198.36324803951902,18.32142650710873,0.055846721460197396,0.09468752,-14.313781965899091,0.13913758,-1.9705894023316648,0.11288724,,,,,,17.436243,0.66685486,1.1305921,17906.154092012574
