source_id,ra,dec,parallax,parallax_error,pmra,pmra_error,pmdec,pmdec_error,radial_velocity,radial_velocity_error,rv_nb_transits,rv_chisq_pvalue,rv_renormalised_gof,phot_g_mean_mag,bp_rp,ruwe,distance_pc
3496370049171254912,189.94128143191185,-26.847728765827487,0.09689929125574243,0.039922405,-2.714004899181518,0.04338862,1.8998467824493757,0.032893084,,,,,,15.705382,1.050375,1.01038,10319.992922969272
3496358538658920192,190.01161333707503,-26.834393398898975,0.09695455394372848,0.06665797,-2.728105579815885,0.06837315,1.7443324264596491,0.051718045,,,,,,16.612663,1.0023556,0.94606125,10314.110676847533
3496372999815328768,189.83096538370282,-26.766357636443754,0.0970766041775802,0.3756959,-3.2941725866754865,0.45363635,1.8832823657739275,0.27943632,,,,,,19.462543,0.70056534,1.0666893,10301.143189668244
3496371423560835200,189.87445700637684,-26.77211232760668,0.09708134125455556,0.109988146,-2.953828539056229,0.1223451,2.0693146580739983,0.08747273,,,,,,17.587425,0.9413223,1.0346078,10300.640546136612
3496374412858061440,189.84621372580628,-26.77234477969502,0.09678877819475565,0.07543348,-2.7300229070413495,0.08527511,1.7795450851555419,0.06025078,,,,,,16.932228,0.9576874,1.0025295,10331.776251869078
3496397910622725376,190.06174859164673,-26.608192585423744,0.09705049475807145,0.44105735,-3.2037462365025418,0.45882723,-1.2653629121588932,0.3089281,,,,,,19.607199,0.7242031,0.96629137,10303.914498249711
3496375817309613952,189.78886637554075,-26.693441168880863,0.09711914970599307,0.76398927,-2.7522771200991034,0.9279955,3.6470912117735352,0.6303569,,,,,,20.298315,0.70311165,0.95037824,10296.630510329638
3496374619014667264,189.85234981015014,-26.729604919645574,0.09684576857741582,0.16720596,-3.0674830539553826,0.1961655,1.8542183335985558,0.13307755,,,,,,18.222477,0.6338768,1.1087518,10325.696359161297
