source_id,ra,dec,parallax,parallax_error,pmra,pmra_error,pmdec,pmdec_error,radial_velocity,radial_velocity_error,rv_nb_transits,rv_chisq_pvalue,rv_renormalised_gof,phot_g_mean_mag,bp_rp,ruwe,distance_pc
6050422963633800576,244.2699353342977,-22.96090702106393,0.09982759919637084,0.33045962,-1.7922709129679788,0.42936277,-7.68866388878234,0.3719352,,,,,,18.539057,0.6769619,1.4170096,10017.269853729531
6050422310803556480,244.21911670702085,-23.015749725757946,0.0997441985584433,0.03133998,-3.008250353585803,0.038751744,-5.595795458452265,0.028453358,,,,,,15.347663,1.3448105,0.98992735,10025.645746344517
6050426945068285056,244.10128096889042,-22.920712644739854,0.10008088366484447,0.1593204,-3.2373382528929566,0.20171928,-8.086505167476908,0.15113436,,,,,,18.461533,0.97771454,0.9914106,9991.918170395524
6050422448236303360,244.23533789830736,-22.99221549476395,0.09983563307204031,0.9123676,-4.161189150211111,1.28306,-4.383102463760058,1.0418005,,,,,,20.025782,,1.0276145,10016.463753762255
