source_id,ra,dec,parallax,parallax_error,pmra,pmra_error,pmdec,pmdec_error,radial_velocity,radial_velocity_error,rv_nb_transits,rv_chisq_pvalue,rv_renormalised_gof,phot_g_mean_mag,bp_rp,ruwe,distance_pc
2957939617367121536,81.05250539215774,-24.562638870467367,0.07742475762634812,1.3686607,1.95371008705254,0.9100739,0.43353114664888837,1.1802096,,,,,,20.877684,0.9379902,0.9651544,12915.765326977193
2957939681789507712,81.03278489604465,-24.546947114131623,0.07737751001786354,0.075908355,2.3748433709815986,0.060356095,-1.5589612218983024,0.071012266,,,,,,17.548542,0.94387436,1.0503248,12923.651843657644
2957941129193813888,81.0218610281678,-24.50577432943565,0.07764248297665625,0.22296134,2.202184701074118,0.17043208,-1.88426959992535,0.196691,,,,,,18.99277,0.6905041,1.0855387,12879.54688801821
