source_id,ra,dec,parallax,parallax_error,pmra,pmra_error,pmdec,pmdec_error,radial_velocity,radial_velocity_error,rv_nb_transits,rv_chisq_pvalue,rv_renormalised_gof,phot_g_mean_mag,bp_rp,ruwe,distance_pc
3449515013991177856,84.13621628362046,34.07907710078572,0.7573901009324923,0.055114415,-0.11664207029791154,0.06743837,-3.256546033214842,0.048434954,,,,,,16.36588,1.4501066,1.0525433,1320.3235674308503
3449512814967709184,84.04670673867695,34.00166386939605,0.7582661874121157,0.09681106,1.0210846810928376,0.117389984,-1.4489126384571147,0.0766682,,,,,,17.311207,1.5572872,1.0097679,1318.7980904343062
3449515254509097216,84.09866505115428,34.105086900184745,0.7595071821157046,0.05868616,-0.3575020366426584,0.06424573,-3.281544197223096,0.049715053,,,,,,16.431404,1.3882074,0.94703275,1316.6432438655443
3449522023373826560,84.27965809079588,34.14829132806044,0.7576995236760318,0.5992259,0.5324721360442954,0.78794634,-2.8637637291547673,0.519105,,,,,,20.119446,2.7298584,1.0211767,1319.7843851721466
3449537584039369216,84.06107212034145,34.27214124543009,0.7597772259599174,0.022106148,0.3006617343071562,0.024474919,-2.4232975779232575,0.018885711,35.34946,36.420723,11,0.0,1.5381943,12.058531,0.20708275,1.0831037,1316.1752758995644
3449525596790321792,84.04628196375513,34.22292168367478,0.758389883547158,0.1114526,-0.3451415789036878,0.121782355,-3.099636346823381,0.09030554,,,,,,17.551952,2.1474686,0.993468,1318.582989692291
3449524943955265920,84.19895869253092,34.228985912130454,0.7577303274462518,0.03153,0.2471901098123898,0.035609506,-2.376084667332406,0.027212678,,,,,,15.4169445,1.1429186,0.9595417,1319.73073239692
