source_id,ra,dec,parallax,parallax_error,pmra,pmra_error,pmdec,pmdec_error,radial_velocity,radial_velocity_error,rv_nb_transits,rv_chisq_pvalue,rv_renormalised_gof,phot_g_mean_mag,bp_rp,ruwe,distance_pc
183262582328981248,81.979358006891,35.28381071135063,0.6409825455720631,0.051740028,1.418461685385012,0.057533246,0.012093189485463656,0.042814996,,,,,,15.640479,1.1119633,1.1300098,1560.1048841470738
183263887999002880,82.01401042817105,35.33218842316941,0.6418299908208429,0.023357444,-0.041622848753817776,0.026251318,-3.409743637192199,0.017639605,,,,,,13.806585,0.8648033,1.0714823,1558.044987460137
183265498606717696,82.04038855424632,35.37465291147828,0.6407736731957082,0.13539334,-0.03510299233645814,0.15344973,-3.3208092828282565,0.11030879,,,,,,17.583323,1.4724159,1.1310753,1560.6134300317533
183263922358741760,81.99925575333155,35.341828636129755,0.6400377718510295,0.028604375,0.0028871318218232633,0.03399669,-3.46379989721922,0.023208093,,,,,,14.688073,0.9800272,0.9635199,1562.4077890089784
183264192936611328,81.9714202256728,35.358478106143785,0.6403424922661392,0.07925894,-0.2340748453984538,0.08849294,-3.208116043999059,0.06229725,,,,,,16.816092,1.3513603,1.0183053,1561.6642844691619
