source_id,ra,dec,parallax,parallax_error,pmra,pmra_error,pmdec,pmdec_error,radial_velocity,radial_velocity_error,rv_nb_transits,rv_chisq_pvalue,rv_renormalised_gof,phot_g_mean_mag,bp_rp,ruwe,distance_pc
414098210997114112,18.96470033693785,58.86760407395371,0.33328947689754,0.045359135,-0.7390425124427511,0.032168664,-0.60080372008087,0.038254533,,,,,,16.425455,1.2786655,0.9915649,3000.3947598604213
414095698432212480,19.001844896211434,58.88320843757949,0.33328203487465335,0.06884619,-3.4016287023861875,0.05075559,0.5686283320755825,0.059775084,,,,,,17.275879,1.3132572,0.9849175,3000.4617571904164
414088968227591936,19.031947895175,58.785292774914346,0.3334575125819004,0.027335607,-1.2706010720061112,0.020072913,-1.4312229024780674,0.02367517,,,,,,15.367645,0.79897976,1.1095595,2998.882802960963
