source_id,ra,dec,parallax,parallax_error,pmra,pmra_error,pmdec,pmdec_error,radial_velocity,radial_velocity_error,rv_nb_transits,rv_chisq_pvalue,rv_renormalised_gof,phot_g_mean_mag,bp_rp,ruwe,distance_pc
435058849688309376,48.66268234061104,47.22963212344838,0.3573301342143939,0.18291269,0.8019934855533489,0.19375654,-1.411811519127144,0.15803257,,,,,,18.66756,1.2116337,1.0156835,2798.532517271582
434869360031923200,48.67213264874775,47.07764384712333,0.3574189079670308,0.0937313,0.8394378761065773,0.10905642,-0.9582674070730596,0.08346479,,,,,,17.469572,1.1470337,1.001321,2797.8374330779457
434875957103347456,48.791381470718235,47.17623677821016,0.35693676123235535,0.094552495,2.4297871040818677,0.109604426,-2.085727272677466,0.08202431,,,,,,17.33049,1.1346588,1.0859467,2801.6167248994266
434878014384527872,48.863165525416875,47.24414593144878,0.3569091653769743,0.58790267,0.4712512701718608,0.58159757,-0.5782143265977296,0.51382166,,,,,,20.194767,1.3444767,1.0133984,2801.833343068623
434875888382184576,48.74008572917345,47.164863521807895,0.3573777116570235,0.13146909,0.5706409757083837,0.1406899,-1.560301208296607,0.11136163,,,,,,17.26462,1.2453289,1.4027785,2798.15995061187
435058716546053504,48.638901677836614,47.20859963962185,0.3572831937048005,0.30391857,-0.05627803203878079,0.31372917,-1.3820611735204635,0.25270244,,,,,,19.383577,1.0774384,0.9869744,2798.9001935149345
435061362251845632,48.530347233276736,47.17673134553852,0.3571630173841707,0.089714855,-1.3510308216130278,0.09881513,-1.215330599552133,0.0882707,,,,,,17.308626,1.0346165,1.0017319,2799.841952629666
435069574230501760,48.59657076064491,47.3951193383035,0.3571522750098283,0.12606435,0.529040044093815,0.1447286,-1.5662132665529986,0.15154026,,,,,,18.170351,1.2005405,1.0003841,2799.926165869954
435064523348054912,48.79234314618148,47.27023263351265,0.35682655104166033,0.052848026,0.4499858592276944,0.057259943,-1.6541099645395125,0.046728447,,,,,,16.46289,0.94325256,0.99417806,2802.482038067979
